{
  "model": "deepseek-r1-0528-fireworks",
  "total_passages": 14,
  "components": {
    "translation": {
      "similarities": [
        0.9541173388180978,
        0.9512864375971376,
        0.9338088100379514,
        0.9640446850084464,
        0.9361744066739056,
        0.9568926002642556,
        0.9274323765789284,
        0.9559410784230008,
        0.9504349103116208,
        0.9740288917923,
        0.9586893882712605,
        0.9531775707994162,
        0.9271409623759667,
        0.9684864449679547
      ],
      "average_similarity": 0.9508325644228744,
      "valid_count": 14,
      "missing_count": 0
    },
    "commentary": {
      "similarities": [
        0.8049594935077273,
        0.547915146090609,
        0.6094937140571657,
        0.6473633536223534,
        0.43572008859287026,
        0.6322844756818516,
        0.64350786514735,
        0.6537640749919336,
        0.6466304507361464,
        0.7999755256498926,
        0.7995008414606122,
        0.7995008414606122,
        0.7995008414606122,
        0.7995008414606122
      ],
      "average_similarity": 0.6871155395657391,
      "valid_count": 14,
      "missing_count": 0
    },
    "summary": {
      "similarities": [
        0.43887483597526245,
        NaN,
        NaN,
        NaN,
        NaN,
        NaN,
        NaN,
        NaN,
        NaN,
        NaN,
        NaN,
        NaN,
        NaN,
        NaN
      ],
      "average_similarity": 0.43887483597526245,
      "valid_count": 1,
      "missing_count": 13
    }
  }
}