{
  "model": "deepseek-v3-0324-fireworks",
  "total_passages": 14,
  "components": {
    "translation": {
      "similarities": [
        0.9617707416050553,
        0.9352610863224101,
        0.9448133086938231,
        0.9570905516796742,
        0.9506401556069924,
        0.990118951104466,
        0.9357377139547037,
        0.9577879517518222,
        0.9659817642125121,
        0.9700098708034287,
        0.9560295407971745,
        0.9365577706661732,
        0.9249750324110746,
        0.959286487536912
      ],
      "average_similarity": 0.9532900662247303,
      "valid_count": 14,
      "missing_count": 0
    },
    "commentary": {
      "similarities": [
        0.6680678033050458,
        0.6626397127731193,
        0.6466339821523462,
        0.6502403503969145,
        0.646937254156097,
        0.7736751335698249,
        0.7417786517375112,
        0.6985296612707206,
        0.6288117152675378,
        NaN,
        NaN,
        NaN,
        NaN,
        NaN
      ],
      "average_similarity": 0.6797015849587907,
      "valid_count": 9,
      "missing_count": 5
    },
    "summary": {
      "similarities": [
        0.8095283939720826,
        NaN,
        NaN,
        NaN,
        NaN,
        NaN,
        NaN,
        NaN,
        NaN,
        NaN,
        NaN,
        NaN,
        NaN,
        NaN
      ],
      "average_similarity": 0.8095283939720826,
      "valid_count": 1,
      "missing_count": 13
    }
  },
  "grouped_commentary_excluded": true
}