{
  "model": "deepseek-r1-0528-fireworks",
  "total_passages": 14,
  "components": {
    "translation": {
      "similarities": [
        0.9602193314134478,
        0.9404459180554883,
        0.9403876148654862,
        0.9345188831662011,
        0.9275595709273556,
        0.9233998975251586,
        0.9399213455400036,
        0.9670100660885155,
        0.9271141279375577,
        0.9629267213699847,
        0.9657536019648176,
        0.9520950229917309,
        0.9205481830428303,
        0.97035353458333
      ],
      "average_similarity": 0.9451609871051362,
      "valid_count": 14,
      "missing_count": 0
    },
    "commentary": {
      "similarities": [
        0.7022600587574506,
        0.6402769424453116,
        0.6845674188541301,
        0.7495858308253909,
        0.6951917241907026,
        0.7251573038993281,
        0.7158768425597779,
        0.5524900606101601,
        0.6763304762345825,
        NaN,
        NaN,
        NaN,
        NaN,
        NaN
      ],
      "average_similarity": 0.6824151842640928,
      "valid_count": 9,
      "missing_count": 5
    },
    "summary": {
      "similarities": [
        0.621967521217643,
        NaN,
        NaN,
        NaN,
        NaN,
        NaN,
        NaN,
        NaN,
        NaN,
        NaN,
        NaN,
        NaN,
        NaN,
        NaN
      ],
      "average_similarity": 0.621967521217643,
      "valid_count": 1,
      "missing_count": 13
    }
  },
  "grouped_commentary_excluded": true
}