{
  "model": "gemma-3-27b-it-qat-mlx-maui",
  "total_passages": 14,
  "components": {
    "translation": {
      "similarities": [
        0.9659979691066021,
        0.9274582340303654,
        0.9334672277167101,
        0.9086761863336819,
        0.9475013296221938,
        0.9100249211516594,
        0.9223880113080429,
        0.9427601768233258,
        0.9215187240590625,
        0.9653300536811692,
        0.9703044725909712,
        0.945860956825533,
        0.9002884260026158,
        0.9682508903474065
      ],
      "average_similarity": 0.9378448271142386,
      "valid_count": 14,
      "missing_count": 0
    },
    "commentary": {
      "similarities": [
        0.6523230297913171,
        0.5749522427447417,
        0.6252302035553217,
        0.7109919931820814,
        0.6645368120925889,
        0.6785606941509036,
        0.7109784074493234,
        0.607604357100087,
        0.6473144481467511,
        0.7999755256498926,
        0.7995008414606122,
        0.7995008414606122,
        0.7995008414606122,
        0.7995008414606122
      ],
      "average_similarity": 0.7050336485503896,
      "valid_count": 14,
      "missing_count": 0
    },
    "summary": {
      "similarities": [
        0.6156760369589388,
        NaN,
        NaN,
        NaN,
        NaN,
        NaN,
        NaN,
        NaN,
        NaN,
        NaN,
        NaN,
        NaN,
        NaN,
        NaN
      ],
      "average_similarity": 0.6156760369589388,
      "valid_count": 1,
      "missing_count": 13
    }
  }
}