{
  "model": "gemma-3-27b-it-qat-mlx-maui",
  "total_passages": 14,
  "components": {
    "translation": {
      "similarities": [
        0.8371003121781391,
        0.9516638716418172,
        0.970277737176848,
        0.9732383302082896,
        0.9579412244552716,
        0.9838948160270693,
        0.9396195455866221,
        0.9694588314550967,
        0.9288529647353085,
        0.9753795543487843,
        0.9578116818898649,
        0.9569429651551329,
        0.9266876328710026,
        0.9701540799885608
      ],
      "average_similarity": 0.9499302534084147,
      "valid_count": 14,
      "missing_count": 0
    },
    "commentary": {
      "similarities": [
        0.6016670007977142,
        0.6336808062517046,
        0.7087744416135605,
        0.6824755680573291,
        0.7886992506183351,
        0.6913491653215216,
        0.6751857016321485,
        0.7313171050598906,
        0.6422741440743392,
        0.7467581359235904,
        0.7224491415549211,
        0.7696229010294595,
        0.7880690169653581,
        0.6840461529241469
      ],
      "average_similarity": 0.7047406094160014,
      "valid_count": 14,
      "missing_count": 0
    },
    "summary": {
      "similarities": [
        0.785043887049604,
        NaN,
        NaN,
        NaN,
        NaN,
        NaN,
        NaN,
        NaN,
        NaN,
        NaN,
        NaN,
        NaN,
        NaN,
        NaN
      ],
      "average_similarity": 0.785043887049604,
      "valid_count": 1,
      "missing_count": 13
    }
  }
}