{
  "model": "gemma-3-27b-it-qat-mlx-maui",
  "total_passages": 14,
  "components": {
    "translation": {
      "similarities": [
        0.9685783826281075,
        0.9280382970041597,
        0.9337381120473198,
        0.9020762455298009,
        0.9444694755112212,
        0.9162503961562994,
        0.9239415685715114,
        0.9461007854626409,
        0.9295024284295252,
        0.9678569690906952,
        0.9703044725909712,
        0.945860956825533,
        0.9050591019462901,
        0.9690236235857925
      ],
      "average_similarity": 0.9393429153842764,
      "valid_count": 14,
      "missing_count": 0
    },
    "commentary": {
      "similarities": [
        0.45853713911623206,
        0.6119731593254231,
        0.6494377531697193,
        0.6846700589548503,
        0.6983522962120424,
        0.35906498286785044,
        0.6729625921024324,
        0.6511660593493594,
        0.7099094425565046,
        0.8208598600553332,
        0.8202788432530692,
        0.8202788432530692,
        0.8202788432530692,
        0.8202788432530692
      ],
      "average_similarity": 0.6855749083372874,
      "valid_count": 14,
      "missing_count": 0
    },
    "summary": {
      "similarities": [
        0.804207389479983,
        NaN,
        NaN,
        NaN,
        NaN,
        NaN,
        NaN,
        NaN,
        NaN,
        NaN,
        NaN,
        NaN,
        NaN,
        NaN
      ],
      "average_similarity": 0.804207389479983,
      "valid_count": 1,
      "missing_count": 13
    }
  }
}