{
  "model": "gpt-4_1-nano",
  "total_passages": 14,
  "components": {
    "translation": {
      "similarities": [
        0.9410284773089487,
        0.8852247232388544,
        0.6595159748688858,
        0.9337702065681889,
        0.9255209510681575,
        0.9641994300172414,
        0.841242613957852,
        0.9622328734439561,
        0.9273526569500767,
        0.9734821137386437,
        0.9422666554240046,
        0.9290520190482972,
        0.8633465411450998,
        0.9411238270914081
      ],
      "average_similarity": 0.9063827902764012,
      "valid_count": 14,
      "missing_count": 0
    },
    "commentary": {
      "similarities": [
        0.6739624806843906,
        0.6289089854206831,
        0.6872367271473466,
        0.65605272269293,
        0.6679740930046985,
        0.7219398524231544,
        0.6950110470199794,
        0.6448108082719999,
        0.6511389702865567,
        NaN,
        NaN,
        NaN,
        NaN,
        NaN
      ],
      "average_similarity": 0.6696706318835265,
      "valid_count": 9,
      "missing_count": 5
    },
    "summary": {
      "similarities": [
        0.8703356152073815,
        NaN,
        NaN,
        NaN,
        NaN,
        NaN,
        NaN,
        NaN,
        NaN,
        NaN,
        NaN,
        NaN,
        NaN,
        NaN
      ],
      "average_similarity": 0.8703356152073815,
      "valid_count": 1,
      "missing_count": 13
    }
  },
  "grouped_commentary_excluded": true
}