{
  "model": "gpt-4_1-mini",
  "total_passages": 14,
  "components": {
    "translation": {
      "similarities": [
        0.9798130017019677,
        0.947424836041793,
        0.9754250724168697,
        0.9607564868858005,
        0.9688752450145892,
        0.96681221325055,
        0.928351667042027,
        0.9329020188666987,
        0.9426670532714861,
        0.9748429487619473,
        0.9550070693652193,
        0.9551018165048877,
        0.9359991482921721,
        0.9632319488693035
      ],
      "average_similarity": 0.9562293233060938,
      "valid_count": 14,
      "missing_count": 0
    },
    "commentary": {
      "similarities": [
        0.6870728797875759,
        0.6435208425458719,
        0.6948449292249912,
        0.7789858084890627,
        0.480845318208396,
        0.6737667723954972,
        0.5872180513280969,
        0.6176831509985259,
        0.7739366296481403,
        0.7999755256498926,
        0.7995008414606122,
        0.7995008414606122,
        0.7995008414606122,
        0.7995008414606122
      ],
      "average_similarity": 0.7097038052941783,
      "valid_count": 14,
      "missing_count": 0
    },
    "summary": {
      "similarities": [
        0.7560598535926073,
        NaN,
        NaN,
        NaN,
        NaN,
        NaN,
        NaN,
        NaN,
        NaN,
        NaN,
        NaN,
        NaN,
        NaN,
        NaN
      ],
      "average_similarity": 0.7560598535926073,
      "valid_count": 1,
      "missing_count": 13
    }
  }
}