{
  "model": "gpt-4_1-nano",
  "total_passages": 14,
  "components": {
    "translation": {
      "similarities": [
        0.9315017671773814,
        0.916879178277692,
        0.9224240780449346,
        0.8323289621174592,
        0.8391671132291364,
        0.7843704283848449,
        0.8823081354865712,
        0.94043974786459,
        0.9275142796067727,
        0.941416629037452,
        0.9573226762281803,
        0.9338429776580528,
        0.8523517008637156,
        0.9336654313483578
      ],
      "average_similarity": 0.899680936094653,
      "valid_count": 14,
      "missing_count": 0
    },
    "commentary": {
      "similarities": [
        0.612011323327819,
        0.5657101279808846,
        0.5348494440507796,
        0.6513370765103725,
        0.7263685143008397,
        0.6048764784604588,
        0.6808338549056852,
        0.6101549569598224,
        0.6587021502789359,
        0.7999755256498926,
        0.7995008414606122,
        0.7995008414606122,
        0.7995008414606122,
        0.7995008414606122
      ],
      "average_similarity": 0.6887730584477099,
      "valid_count": 14,
      "missing_count": 0
    },
    "summary": {
      "similarities": [
        0.7015795713078842,
        NaN,
        NaN,
        NaN,
        NaN,
        NaN,
        NaN,
        NaN,
        NaN,
        NaN,
        NaN,
        NaN,
        NaN,
        NaN
      ],
      "average_similarity": 0.7015795713078842,
      "valid_count": 1,
      "missing_count": 13
    }
  }
}