{
  "model": "gpt-4o-mini",
  "total_passages": 14,
  "components": {
    "translation": {
      "similarities": [
        0.9669647668126823,
        0.945091109167682,
        0.9621052820789259,
        0.6420134200370499,
        0.9536437332038562,
        0.9899904323753905,
        0.9286652530666784,
        0.9363053866035954,
        0.7716311254485545,
        0.9722460359867421,
        0.9599232237674333,
        0.9528330496315568,
        0.9282510722952199,
        0.9597000061287306
      ],
      "average_similarity": 0.9192402783288642,
      "valid_count": 14,
      "missing_count": 0
    },
    "commentary": {
      "similarities": [
        0.7127124524491094,
        0.48195814738570025,
        0.6124357385793388,
        0.726571743115081,
        0.6311761500584072,
        0.6502091149638645,
        0.5967813652011856,
        0.7896957355407309,
        0.6739381457931312,
        NaN,
        NaN,
        NaN,
        NaN,
        NaN
      ],
      "average_similarity": 0.6528309547873943,
      "valid_count": 9,
      "missing_count": 5
    },
    "summary": {
      "similarities": [
        0.8063005219964785,
        NaN,
        NaN,
        NaN,
        NaN,
        NaN,
        NaN,
        NaN,
        NaN,
        NaN,
        NaN,
        NaN,
        NaN,
        NaN
      ],
      "average_similarity": 0.8063005219964785,
      "valid_count": 1,
      "missing_count": 13
    }
  },
  "grouped_commentary_excluded": true
}