{
  "model": "gpt-4_1",
  "total_passages": 14,
  "components": {
    "translation": {
      "similarities": [
        0.97696429087886,
        0.9552158950598423,
        0.9790688872119412,
        0.9699806637129345,
        0.9612104447106483,
        0.9680260475603003,
        0.9432487093350412,
        0.966043015986737,
        0.9773747081483711,
        0.9772241540251256,
        0.9723692262131058,
        0.963441818228586,
        0.9377602708025005,
        0.9703416893976334
      ],
      "average_similarity": 0.9655907015194022,
      "valid_count": 14,
      "missing_count": 0
    },
    "commentary": {
      "similarities": [
        0.6989054794305519,
        0.5321247283089868,
        0.5680336218429475,
        0.6305434402847722,
        0.46411257069995304,
        0.7264514855459614,
        0.74164560714841,
        0.6406204586624019,
        0.689857004497982,
        0.7999755256498926,
        0.7995008414606122,
        0.7995008414606122,
        0.7995008414606122,
        0.7995008414606122
      ],
      "average_similarity": 0.6921623777081648,
      "valid_count": 14,
      "missing_count": 0
    },
    "summary": {
      "similarities": [
        0.8131097500840244,
        NaN,
        NaN,
        NaN,
        NaN,
        NaN,
        NaN,
        NaN,
        NaN,
        NaN,
        NaN,
        NaN,
        NaN,
        NaN
      ],
      "average_similarity": 0.8131097500840244,
      "valid_count": 1,
      "missing_count": 13
    }
  }
}