{
  "model": "gpt-4_1-mini",
  "total_passages": 14,
  "components": {
    "translation": {
      "similarities": [
        0.9011747469774991,
        0.9358532003702082,
        0.9290117308546046,
        0.9643299236693288,
        0.9557585668653149,
        0.9379449543107521,
        0.930570953774769,
        0.9494417568475473,
        0.9367831177965078,
        0.9768172116786157,
        0.92502492265879,
        0.9519021305574847,
        0.9142120562072908,
        0.880330137107851
      ],
      "average_similarity": 0.9349396721197547,
      "valid_count": 14,
      "missing_count": 0
    },
    "commentary": {
      "similarities": [
        0.7086642635916236,
        0.6219276862740524,
        0.6350827125077528,
        0.6735866327119588,
        0.7786297498570901,
        0.4686275272176866,
        0.7495688120744305,
        0.6543563036516856,
        0.6907680784524326,
        0.7999755256498926,
        0.7995008414606122,
        0.7995008414606122,
        0.7995008414606122,
        0.7995008414606122
      ],
      "average_similarity": 0.7127993327022181,
      "valid_count": 14,
      "missing_count": 0
    },
    "summary": {
      "similarities": [
        0.7546021308854192,
        NaN,
        NaN,
        NaN,
        NaN,
        NaN,
        NaN,
        NaN,
        NaN,
        NaN,
        NaN,
        NaN,
        NaN,
        NaN
      ],
      "average_similarity": 0.7546021308854192,
      "valid_count": 1,
      "missing_count": 13
    }
  }
}