{
  "model": "kimi-k2-fireworks",
  "total_passages": 14,
  "components": {
    "translation": {
      "similarities": [
        0.9697850015315926,
        0.944164811821531,
        0.9626037336019844,
        0.9690848217334352,
        0.9696777904679397,
        0.9719094582588987,
        0.9240380029295112,
        0.9168528115906953,
        0.946955589028724,
        0.9739561113326999,
        0.9604329200243571,
        0.967314899428993,
        0.9245329415507135,
        0.9637616477147181
      ],
      "average_similarity": 0.9546478957868425,
      "valid_count": 14,
      "missing_count": 0
    },
    "commentary": {
      "similarities": [
        0.7514179192396001,
        0.6259730789231496,
        0.6816712318747989,
        0.6071514903122943,
        0.7412264010275832,
        0.6861991717769622,
        0.6651840736160529,
        0.5812079295729397,
        0.5819665831628014,
        NaN,
        NaN,
        NaN,
        NaN,
        NaN
      ],
      "average_similarity": 0.6579997643895757,
      "valid_count": 9,
      "missing_count": 5
    },
    "summary": {
      "similarities": [
        0.7097627950982054,
        NaN,
        NaN,
        NaN,
        NaN,
        NaN,
        NaN,
        NaN,
        NaN,
        NaN,
        NaN,
        NaN,
        NaN,
        NaN
      ],
      "average_similarity": 0.7097627950982054,
      "valid_count": 1,
      "missing_count": 13
    }
  },
  "grouped_commentary_excluded": true
}