{
  "model": "llama-3.3-70B-Instruct_exl2_6.0bpw-maui",
  "total_passages": 14,
  "components": {
    "translation": {
      "similarities": [
        0.9764161361550198,
        0.9072191373253318,
        0.9254033372151392,
        0.9550632841268725,
        0.9468192655307931,
        0.9059244559675068,
        0.9344676417842621,
        0.9449822508805124,
        0.9599111732455572,
        0.9639010404017924,
        0.9197540445962883,
        0.9452258644426832,
        0.9271889185264665,
        0.9500619564526559
      ],
      "average_similarity": 0.9401670361893487,
      "valid_count": 14,
      "missing_count": 0
    },
    "commentary": {
      "similarities": [
        0.5740218118520573,
        0.5576913518604851,
        0.5607675268064476,
        0.5353478604649929,
        0.3390883695676218,
        0.6244570432378312,
        0.6305991642241238,
        0.557099161168587,
        0.5905875879944344,
        0.7999755256498926,
        0.7995008414606122,
        0.7995008414606122,
        0.7995008414606122,
        0.7995008414606122
      ],
      "average_similarity": 0.6405456263334944,
      "valid_count": 14,
      "missing_count": 0
    },
    "summary": {
      "similarities": [
        0.6699354374699553,
        NaN,
        NaN,
        NaN,
        NaN,
        NaN,
        NaN,
        NaN,
        NaN,
        NaN,
        NaN,
        NaN,
        NaN,
        NaN
      ],
      "average_similarity": 0.6699354374699553,
      "valid_count": 1,
      "missing_count": 13
    }
  }
}