{
  "model": "llama4-maverick-fireworks",
  "total_passages": 14,
  "components": {
    "translation": {
      "similarities": [
        0.9693224295089029,
        0.9382811626362659,
        0.9249112603119273,
        0.8430135279870871,
        0.9421199921082609,
        0.8022715568184586,
        0.9631647224862571,
        0.9715465093973492,
        0.9832330085871465,
        0.9731806019981063,
        0.9732809139814148,
        0.9520456837783408,
        0.9404510352395702,
        0.9779051566909073
      ],
      "average_similarity": 0.9396233972521424,
      "valid_count": 14,
      "missing_count": 0
    },
    "commentary": {
      "similarities": [
        0.8185923556736072,
        0.6162203999007538,
        0.5528508519715116,
        0.691882385005614,
        0.6125862567210778,
        0.6351056205095708,
        0.7036849311359484,
        0.6843141484037436,
        0.684098862591381,
        0.7999755256498926,
        0.7995008414606122,
        0.7995008414606122,
        0.7995008414606122,
        0.7995008414606122
      ],
      "average_similarity": 0.7140939073861106,
      "valid_count": 14,
      "missing_count": 0
    },
    "summary": {
      "similarities": [
        0.7529143355748034,
        NaN,
        NaN,
        NaN,
        NaN,
        NaN,
        NaN,
        NaN,
        NaN,
        NaN,
        NaN,
        NaN,
        NaN,
        NaN
      ],
      "average_similarity": 0.7529143355748034,
      "valid_count": 1,
      "missing_count": 13
    }
  }
}