{
  "model": "llama-3.3-70B-Instruct_exl2_6.0bpw-maui",
  "total_passages": 14,
  "components": {
    "translation": {
      "similarities": [
        0.9789100375820597,
        0.9100595671587983,
        0.953342697017798,
        0.9443794128238016,
        0.9231749541751998,
        0.9105422334775145,
        0.9292580575321399,
        0.9736532973370952,
        0.9651033862057318,
        0.9633773385282953,
        0.9625346392338366,
        0.9551522222098717,
        0.9212103454170062,
        0.9590909848087563
      ],
      "average_similarity": 0.9464135123934218,
      "valid_count": 14,
      "missing_count": 0
    },
    "commentary": {
      "similarities": [
        0.5946106285838736,
        0.5422205612448229,
        0.6402868370551683,
        0.6025763900761775,
        0.6426292299468677,
        0.638911698304755,
        0.6735057527125408,
        0.8237924382432491,
        0.623708236429669,
        0.7999755256498926,
        0.7995008414606122,
        0.7995008414606122,
        0.7995008414606122,
        0.7995008414606122
      ],
      "average_similarity": 0.6985871902921046,
      "valid_count": 14,
      "missing_count": 0
    },
    "summary": {
      "similarities": [
        0.7453852111769448,
        NaN,
        NaN,
        NaN,
        NaN,
        NaN,
        NaN,
        NaN,
        NaN,
        NaN,
        NaN,
        NaN,
        NaN,
        NaN
      ],
      "average_similarity": 0.7453852111769448,
      "valid_count": 1,
      "missing_count": 13
    }
  }
}