{
  "model": "llama-3.3-70B-Instruct_exl2_6.0bpw-maui",
  "total_passages": 14,
  "components": {
    "translation": {
      "similarities": [
        0.971595841462837,
        0.894947919719687,
        0.9444177314465951,
        0.9631712692958656,
        0.9228041940551527,
        0.7866338134212487,
        0.8959627450960452,
        0.9630762434552588,
        0.9748435792164666,
        0.9668818223894317,
        0.904344243398038,
        0.9465935652573543,
        0.9399451280384556,
        0.9557727869671339
      ],
      "average_similarity": 0.9307850630871123,
      "valid_count": 14,
      "missing_count": 0
    },
    "commentary": {
      "similarities": [
        0.6456495885418516,
        0.37128031728623034,
        0.7329682389530009,
        0.6514350408497359,
        0.6831810627568267,
        0.5342163819393919,
        0.46628902539123956,
        0.5186699118951217,
        0.6321542485380544,
        0.7999755256498926,
        0.7995008414606122,
        0.7995008414606122,
        0.7995008414606122,
        0.7995008414606122
      ],
      "average_similarity": 0.6595587648316996,
      "valid_count": 14,
      "missing_count": 0
    },
    "summary": {
      "similarities": [
        0.7873809193238248,
        NaN,
        NaN,
        NaN,
        NaN,
        NaN,
        NaN,
        NaN,
        NaN,
        NaN,
        NaN,
        NaN,
        NaN,
        NaN
      ],
      "average_similarity": 0.7873809193238248,
      "valid_count": 1,
      "missing_count": 13
    }
  }
}