{
  "model": "llama4-maverick-fireworks",
  "total_passages": 14,
  "components": {
    "translation": {
      "similarities": [
        0.9656685853236107,
        0.9471201063427391,
        0.9305801854364498,
        0.845749762854543,
        0.9489763539447531,
        0.8196688808576138,
        0.9311447417534543,
        0.966188502128716,
        0.9755087947380895,
        0.971077230638721,
        0.9740957908967949,
        0.9567168006517902,
        0.9304911909937724,
        0.9778839521096989
      ],
      "average_similarity": 0.9386336341907676,
      "valid_count": 14,
      "missing_count": 0
    },
    "commentary": {
      "similarities": [
        0.6077925913236487,
        0.6046418038689826,
        0.6154371712404414,
        0.6463489197331911,
        0.6821004227062655,
        0.36130685373742233,
        0.6877580146397702,
        0.5884177493860282,
        0.6465727233450256,
        0.8208598600553332,
        0.8202788432530692,
        0.8202788432530692,
        0.8202788432530692,
        0.8202788432530692
      ],
      "average_similarity": 0.6815965345034561,
      "valid_count": 14,
      "missing_count": 0
    },
    "summary": {
      "similarities": [
        0.7410096205401898,
        NaN,
        NaN,
        NaN,
        NaN,
        NaN,
        NaN,
        NaN,
        NaN,
        NaN,
        NaN,
        NaN,
        NaN,
        NaN
      ],
      "average_similarity": 0.7410096205401898,
      "valid_count": 1,
      "missing_count": 13
    }
  }
}