{
  "model": "llama4-scout-fireworks",
  "total_passages": 14,
  "components": {
    "translation": {
      "similarities": [
        0.9586422607684673,
        0.9308156506354771,
        0.9277070384376193,
        0.8610842503404424,
        0.8803566084034249,
        0.8015423415020722,
        0.9275771609187811,
        0.9298921781330016,
        0.9456705469583802,
        0.9505313110493816,
        0.9590449203344019,
        0.9150066111398155,
        0.9253659646225778,
        0.9670322320337535
      ],
      "average_similarity": 0.9200192196626855,
      "valid_count": 14,
      "missing_count": 0
    },
    "commentary": {
      "similarities": [
        0.634095935472553,
        0.43596299587339865,
        0.507896970816949,
        0.8335127410579901,
        0.6981490574129519,
        0.6460432440960862,
        0.6324647897036443,
        0.5496298927630474,
        0.6886606106204681,
        0.7999755256498926,
        0.7995008414606122,
        0.7995008414606122,
        0.7995008414606122,
        0.7995008414606122
      ],
      "average_similarity": 0.6874567949506735,
      "valid_count": 14,
      "missing_count": 0
    },
    "summary": {
      "similarities": [
        0.7458279137811075,
        NaN,
        NaN,
        NaN,
        NaN,
        NaN,
        NaN,
        NaN,
        NaN,
        NaN,
        NaN,
        NaN,
        NaN,
        NaN
      ],
      "average_similarity": 0.7458279137811075,
      "valid_count": 1,
      "missing_count": 13
    }
  }
}