{
  "model": "o4-mini",
  "total_passages": 14,
  "components": {
    "translation": {
      "similarities": [
        0.9707026426082407,
        0.9215551159155937,
        0.9373454142307523,
        0.9406594062992534,
        0.9180656706024072,
        0.9320666494430454,
        0.915289300306223,
        0.9497511245198348,
        0.945132611584275,
        0.9772939504414695,
        0.9383907366775024,
        0.9503427695444935,
        0.8910715655390252,
        0.9046539251719465
      ],
      "average_similarity": 0.9351657773488616,
      "valid_count": 14,
      "missing_count": 0
    },
    "commentary": {
      "similarities": [
        0.7126439241701117,
        0.7004428835777323,
        0.6297717630552746,
        0.6820676628080764,
        0.6463619410794321,
        0.6722812817624849,
        0.6775338204514127,
        0.5676135967391254,
        0.6888154292550616,
        0.7999755256498926,
        0.7995008414606122,
        0.7995008414606122,
        0.7995008414606122,
        0.7995008414606122
      ],
      "average_similarity": 0.7125365138850751,
      "valid_count": 14,
      "missing_count": 0
    },
    "summary": {
      "similarities": [
        0.7140372279812481,
        NaN,
        NaN,
        NaN,
        NaN,
        NaN,
        NaN,
        NaN,
        NaN,
        NaN,
        NaN,
        NaN,
        NaN,
        NaN
      ],
      "average_similarity": 0.7140372279812481,
      "valid_count": 1,
      "missing_count": 13
    }
  }
}