{
  "model": "o4-mini",
  "total_passages": 14,
  "components": {
    "translation": {
      "similarities": [
        0.9673723634592011,
        0.9158149381549695,
        0.9510752702212796,
        0.946659398490757,
        0.9283247558060865,
        0.9610157122717414,
        0.9344564009314495,
        0.9491138903292895,
        0.9057785660390472,
        0.9653779375209373,
        0.9472514192381148,
        0.9213805055093807,
        0.8956219796046555,
        0.9546804577796653
      ],
      "average_similarity": 0.9388516853826124,
      "valid_count": 14,
      "missing_count": 0
    },
    "commentary": {
      "similarities": [
        0.7139808790814534,
        0.6008621352495727,
        0.6512592078861777,
        0.7107791839344868,
        0.6710515763281573,
        0.6493710777328704,
        0.7005302424023178,
        0.6200629958853942,
        0.6561587774515756,
        0.6191843781338955,
        0.6316906792674067,
        0.7002649325138262,
        0.5942905077814489,
        0.7311961955028168
      ],
      "average_similarity": 0.6607630549393856,
      "valid_count": 14,
      "missing_count": 0
    },
    "summary": {
      "similarities": [
        0.8161385329015485,
        NaN,
        NaN,
        NaN,
        NaN,
        NaN,
        NaN,
        NaN,
        NaN,
        NaN,
        NaN,
        NaN,
        NaN,
        NaN
      ],
      "average_similarity": 0.8161385329015485,
      "valid_count": 1,
      "missing_count": 13
    }
  }
}