{
  "model": "qwen3-235b-a22b-think-parser-fireworks",
  "total_passages": 14,
  "components": {
    "translation": {
      "similarities": [
        0.91773923221376,
        0.8939365270503093,
        0.9222965473268719,
        0.9112233104030588,
        0.9339739229444135,
        0.906358300983327,
        0.849537277063101,
        0.8759600879860823,
        0.9358517865882735,
        0.9518809377332548,
        0.8985823930206907,
        0.9390748075893536,
        0.8937231368509717,
        0.9386391020225557
      ],
      "average_similarity": 0.912055526412573,
      "valid_count": 14,
      "missing_count": 0
    },
    "commentary": {
      "similarities": [
        NaN,
        NaN,
        0.6314038097037815,
        NaN,
        NaN,
        0.7010980651742372,
        NaN,
        0.6967247237126727,
        0.6986278655922971,
        0.7999755256498926,
        0.7995008414606122,
        0.7995008414606122,
        0.7995008414606122,
        0.7995008414606122
      ],
      "average_similarity": 0.7473148172972589,
      "valid_count": 9,
      "missing_count": 5
    },
    "summary": {
      "similarities": [
        0.8030589193321908,
        NaN,
        NaN,
        NaN,
        NaN,
        NaN,
        NaN,
        NaN,
        NaN,
        NaN,
        NaN,
        NaN,
        NaN,
        NaN
      ],
      "average_similarity": 0.8030589193321908,
      "valid_count": 1,
      "missing_count": 13
    }
  }
}