{
  "model": "qwen3-4b-awq-40k-maui",
  "total_passages": 14,
  "components": {
    "translation": {
      "similarities": [
        0.7139048936230993,
        0.663042637653311,
        0.6914204942756065,
        0.7312943239640738,
        0.6629930082312219,
        0.7331345371573769,
        0.7991334304196586,
        0.9254607497756174,
        0.833501655931068,
        0.9139150107197843,
        0.7208641242034864,
        0.8378162304214746,
        0.8517826879067609,
        0.8233437327208964
      ],
      "average_similarity": 0.7786862512145312,
      "valid_count": 14,
      "missing_count": 0
    },
    "commentary": {
      "similarities": [
        0.6614146843147922,
        0.6037396558711966,
        0.6282449778989252,
        0.6701478909628812,
        0.6659133650805548,
        0.37339224998304155,
        0.6824883093622449,
        0.5497910467753863,
        0.6491462317993945,
        0.6697466059880193,
        0.6656736882195121,
        0.6204356990012021,
        0.636168866749577,
        0.6570787276268273
      ],
      "average_similarity": 0.6238129999738254,
      "valid_count": 14,
      "missing_count": 0
    },
    "summary": {
      "similarities": [
        0.7890676335149623,
        NaN,
        NaN,
        NaN,
        NaN,
        NaN,
        NaN,
        NaN,
        NaN,
        NaN,
        NaN,
        NaN,
        NaN,
        NaN
      ],
      "average_similarity": 0.7890676335149623,
      "valid_count": 1,
      "missing_count": 13
    }
  }
}