{
  "model": "qwen3-30b-a3b-awq-128k-maui",
  "total_passages": 14,
  "components": {
    "translation": {
      "similarities": [
        0.6977599242481902,
        0.8733670582111879,
        0.8635141373455085,
        0.8166399021196816,
        0.7823629430019905,
        0.7650334424820054,
        0.8175308570603171,
        0.9287972565372566,
        0.8546677354072346,
        0.9326680389697095,
        0.8236425818403516,
        0.8895605182861492,
        0.9037029189109803,
        0.8559819060741032
      ],
      "average_similarity": 0.8432306586067618,
      "valid_count": 14,
      "missing_count": 0
    },
    "commentary": {
      "similarities": [
        0.6735800378585088,
        0.5827490145362592,
        0.5873087505773567,
        0.6764755694805191,
        0.7595413973502192,
        0.6776169662659339,
        0.6794869677474652,
        0.7182056724752831,
        0.6467108697708077,
        0.7999755256498926,
        0.7995008414606122,
        0.7995008414606122,
        0.7995008414606122,
        0.7995008414606122
      ],
      "average_similarity": 0.7142610098253351,
      "valid_count": 14,
      "missing_count": 0
    },
    "summary": {
      "similarities": [
        0.768794616518275,
        NaN,
        NaN,
        NaN,
        NaN,
        NaN,
        NaN,
        NaN,
        NaN,
        NaN,
        NaN,
        NaN,
        NaN,
        NaN
      ],
      "average_similarity": 0.768794616518275,
      "valid_count": 1,
      "missing_count": 13
    }
  }
}