{
  "model": "qwen3-30b-a3b-awq-128k-maui",
  "total_passages": 14,
  "components": {
    "translation": {
      "similarities": [
        0.8762859399260396,
        0.7158023286489398,
        0.828500099691087,
        0.8039500293127498,
        0.7958838937765048,
        0.8247486914590035,
        0.8214252628288198,
        0.9150160760716178,
        0.8685227329381803,
        0.890487670147218,
        0.7886768447154676,
        0.8652056266866617,
        0.8851274481510291,
        0.7378250957198691
      ],
      "average_similarity": 0.8298184100052277,
      "valid_count": 14,
      "missing_count": 0
    },
    "commentary": {
      "similarities": [
        0.5432755557279889,
        0.5845053430125245,
        0.6033374679206424,
        0.5905981078945576,
        0.7542710025859803,
        0.4691614128526412,
        0.6881273084790683,
        0.604842113954572,
        0.6574809327098362,
        0.8208598600553332,
        0.8202788432530692,
        0.8202788432530692,
        0.8202788432530692,
        0.8202788432530692
      ],
      "average_similarity": 0.6855410341575301,
      "valid_count": 14,
      "missing_count": 0
    },
    "summary": {
      "similarities": [
        0.77474586966602,
        NaN,
        NaN,
        NaN,
        NaN,
        NaN,
        NaN,
        NaN,
        NaN,
        NaN,
        NaN,
        NaN,
        NaN,
        NaN
      ],
      "average_similarity": 0.77474586966602,
      "valid_count": 1,
      "missing_count": 13
    }
  }
}