{
  "model": "qwen3-30b-a3b-awq-128k-maui",
  "total_passages": 14,
  "components": {
    "translation": {
      "similarities": [
        0.9617311534757963,
        0.8994005536571974,
        0.6595159748688858,
        0.9132096026035813,
        0.9216134718218523,
        0.5438599003985733,
        0.8929252471991713,
        0.9429525056258387,
        0.8987047368905503,
        0.9695127686656898,
        0.9103099952227582,
        0.9034137005346414,
        0.8306755881108843,
        0.9024532086471768
      ],
      "average_similarity": 0.8678770291230427,
      "valid_count": 14,
      "missing_count": 0
    },
    "commentary": {
      "similarities": [
        0.6840504185347911,
        0.5854897827217127,
        0.6787788022260037,
        0.6583730896568072,
        0.7116687663259834,
        0.5689343762849108,
        0.7611376559788549,
        0.7343885564064733,
        0.5582680411582407,
        0.7999755256498926,
        0.7995008414606122,
        0.7995008414606122,
        0.7995008414606122,
        0.7995008414606122
      ],
      "average_similarity": 0.709933455770437,
      "valid_count": 14,
      "missing_count": 0
    },
    "summary": {
      "similarities": [
        0.8840765208065663,
        NaN,
        NaN,
        NaN,
        NaN,
        NaN,
        NaN,
        NaN,
        NaN,
        NaN,
        NaN,
        NaN,
        NaN,
        NaN
      ],
      "average_similarity": 0.8840765208065663,
      "valid_count": 1,
      "missing_count": 13
    }
  }
}