{
  "model": "qwen3-235b-a22b-think-parser-fireworks",
  "total_passages": 14,
  "components": {
    "translation": {
      "similarities": [
        0.9564055024087627,
        0.9164668956181704,
        0.9299448480221357,
        0.9529457016126635,
        0.8805470745568197,
        0.9212069645834278,
        0.936545563298853,
        0.9413456148058776,
        0.9577659224434897,
        0.9575392652192529,
        0.9621674850701746,
        0.9459393679863136,
        0.9031042891335811,
        0.9493018851698455
      ],
      "average_similarity": 0.9365161699949549,
      "valid_count": 14,
      "missing_count": 0
    },
    "commentary": {
      "similarities": [
        0.4545236446321438,
        0.6323290446170446,
        0.6434750851147345,
        0.6519083911108214,
        0.6963871301962824,
        0.43076000915248724,
        0.696210524663728,
        0.6182779693398929,
        0.7137584374356398,
        0.8208598600553332,
        0.8202788432530692,
        0.8202788432530692,
        0.8202788432530692,
        0.8202788432530692
      ],
      "average_similarity": 0.6885432478093133,
      "valid_count": 14,
      "missing_count": 0
    },
    "summary": {
      "similarities": [
        0.8276174777645231,
        NaN,
        NaN,
        NaN,
        NaN,
        NaN,
        NaN,
        NaN,
        NaN,
        NaN,
        NaN,
        NaN,
        NaN,
        NaN
      ],
      "average_similarity": 0.8276174777645231,
      "valid_count": 1,
      "missing_count": 13
    }
  }
}