{
  "model": "qwen3-30b-a3b-awq-128k-maui",
  "total_passages": 14,
  "components": {
    "translation": {
      "similarities": [
        0.7972353405921937,
        0.7158023286489398,
        0.8429088099592281,
        0.8075472836388324,
        0.8208474935920744,
        0.7561924310154647,
        0.8099377797475598,
        0.9315077932145628,
        0.8698977842083453,
        0.9181050426549506,
        0.7976967053007661,
        0.9062206125615933,
        0.8346662250664455,
        0.8896185975186013
      ],
      "average_similarity": 0.8355845876942541,
      "valid_count": 14,
      "missing_count": 0
    },
    "commentary": {
      "similarities": [
        0.6334587750924117,
        0.5430233051945664,
        0.6202729551373702,
        0.6431904603155374,
        0.7617962123995666,
        0.45256424648217913,
        0.6348339155225124,
        0.6864403761712333,
        0.5945125618233533,
        0.8208598600553332,
        0.8202788432530692,
        0.8202788432530692,
        0.8202788432530692,
        0.8202788432530692
      ],
      "average_similarity": 0.69086200294331,
      "valid_count": 14,
      "missing_count": 0
    },
    "summary": {
      "similarities": [
        0.6991671422570161,
        NaN,
        NaN,
        NaN,
        NaN,
        NaN,
        NaN,
        NaN,
        NaN,
        NaN,
        NaN,
        NaN,
        NaN,
        NaN
      ],
      "average_similarity": 0.6991671422570161,
      "valid_count": 1,
      "missing_count": 13
    }
  }
}