{
  "model": "qwen3-235b-a22b-exp-no_think-fireworks",
  "total_passages": 14,
  "components": {
    "translation": {
      "similarities": [
        0.9716619875885836,
        0.9355223401086227,
        0.9462825639918989,
        0.9192415517710262,
        0.9357333691545975,
        0.9620248564049122,
        0.9164455486646798,
        0.9280663879803245,
        0.9590266345951354,
        0.9666125448699291,
        0.9648455683600782,
        0.9400012128803162,
        0.9257611379635793,
        0.9716594238958748
      ],
      "average_similarity": 0.9459203663021114,
      "valid_count": 14,
      "missing_count": 0
    },
    "commentary": {
      "similarities": [
        0.5499141082272005,
        0.6529001685660293,
        0.6259431327709222,
        0.7144213227718996,
        0.662426419021252,
        0.7231991005083239,
        0.6744507784755387,
        0.6515364824181653,
        0.638601077196292,
        NaN,
        NaN,
        NaN,
        NaN,
        NaN
      ],
      "average_similarity": 0.6548213988839581,
      "valid_count": 9,
      "missing_count": 5
    },
    "summary": {
      "similarities": [
        0.8716968554382151,
        NaN,
        NaN,
        NaN,
        NaN,
        NaN,
        NaN,
        NaN,
        NaN,
        NaN,
        NaN,
        NaN,
        NaN,
        NaN
      ],
      "average_similarity": 0.8716968554382151,
      "valid_count": 1,
      "missing_count": 13
    }
  },
  "grouped_commentary_excluded": true
}