{
  "model": "qwen3-30b-a3b-awq-128k-maui",
  "total_passages": 14,
  "components": {
    "translation": {
      "similarities": [
        0.8872140695962439,
        0.8917662728229332,
        0.8797687015542808,
        0.775134356888363,
        0.8218494977747872,
        0.8070811379602933,
        0.8494645060338573,
        0.9107915495171112,
        0.863384881249252,
        0.9107237484365438,
        0.8442026612534579,
        0.8752761810445564,
        0.8687558944005453,
        0.8398772390441792
      ],
      "average_similarity": 0.8589493355411717,
      "valid_count": 14,
      "missing_count": 0
    },
    "commentary": {
      "similarities": [
        0.6658163094776944,
        0.3930909997858622,
        0.5667431380778784,
        0.64851435803257,
        0.6958023516195773,
        0.37854540929686215,
        0.6260330995944928,
        0.6581329656458262,
        0.6860790001332496,
        0.8208598600553332,
        0.8202788432530692,
        0.8202788432530692,
        0.8202788432530692,
        0.8202788432530692
      ],
      "average_similarity": 0.672909490337973,
      "valid_count": 14,
      "missing_count": 0
    },
    "summary": {
      "similarities": [
        0.7722381503915758,
        NaN,
        NaN,
        NaN,
        NaN,
        NaN,
        NaN,
        NaN,
        NaN,
        NaN,
        NaN,
        NaN,
        NaN,
        NaN
      ],
      "average_similarity": 0.7722381503915758,
      "valid_count": 1,
      "missing_count": 13
    }
  }
}