{
  "model": "qwen3-30b-a3b-awq-128k-maui",
  "total_passages": 14,
  "components": {
    "translation": {
      "similarities": [
        0.8872140695962439,
        0.8917662728229332,
        0.8797687015542808,
        0.775134356888363,
        0.8218494977747872,
        0.8070811379602933,
        0.8494645060338573,
        0.9107915495171112,
        0.863384881249252,
        0.9107237484365438,
        0.8442026612534579,
        0.8752761810445564,
        0.8687558944005453,
        0.8398772390441792
      ],
      "average_similarity": 0.8589493355411717,
      "valid_count": 14,
      "missing_count": 0
    },
    "commentary": {
      "similarities": [
        0.6977860636663815,
        0.6282752501652621,
        0.5261591127969517,
        0.5872229020585518,
        0.6705769340585724,
        0.6924541054719212,
        0.7255542654015088,
        0.664365275605674,
        0.5280682682591744,
        0.763273698841619,
        0.7477959851531816,
        0.7359010415589384,
        0.7420268904981892,
        0.7599204352379655
      ],
      "average_similarity": 0.6763843020552781,
      "valid_count": 14,
      "missing_count": 0
    },
    "summary": {
      "similarities": [
        0.7352199942353299,
        NaN,
        NaN,
        NaN,
        NaN,
        NaN,
        NaN,
        NaN,
        NaN,
        NaN,
        NaN,
        NaN,
        NaN,
        NaN
      ],
      "average_similarity": 0.7352199942353299,
      "valid_count": 1,
      "missing_count": 13
    }
  }
}