{
  "model": "qwen3-30b-a3b-awq-128k-maui",
  "total_passages": 14,
  "components": {
    "translation": {
      "similarities": [
        0.8762859399260396,
        0.7158023286489398,
        0.828500099691087,
        0.8039500293127498,
        0.7958838937765048,
        0.8247486914590035,
        0.8214252628288198,
        0.9150160760716178,
        0.8685227329381803,
        0.890487670147218,
        0.7886768447154676,
        0.8652056266866617,
        0.8851274481510291,
        0.7378250957198691
      ],
      "average_similarity": 0.8298184100052277,
      "valid_count": 14,
      "missing_count": 0
    },
    "commentary": {
      "similarities": [
        0.44748637272124,
        0.5711338476949277,
        0.6110453291657894,
        0.6027221216008692,
        0.7407576139412431,
        0.6172750532255995,
        0.6957853792621359,
        0.6329390581974105,
        0.657238571526177,
        0.7999755256498926,
        0.7995008414606122,
        0.7995008414606122,
        0.7995008414606122,
        0.7995008414606122
      ],
      "average_similarity": 0.6838830170591238,
      "valid_count": 14,
      "missing_count": 0
    },
    "summary": {
      "similarities": [
        0.7771574870240302,
        NaN,
        NaN,
        NaN,
        NaN,
        NaN,
        NaN,
        NaN,
        NaN,
        NaN,
        NaN,
        NaN,
        NaN,
        NaN
      ],
      "average_similarity": 0.7771574870240302,
      "valid_count": 1,
      "missing_count": 13
    }
  }
}