{
  "model": "qwen3-4b-awq-40k-maui",
  "total_passages": 14,
  "components": {
    "translation": {
      "similarities": [
        0.814044661632856,
        0.8292488504489864,
        0.828521242985603,
        0.7545910566518172,
        0.6629930082312219,
        0.7331345371573769,
        0.7991334304196586,
        0.9209887057646019,
        0.8289343151259556,
        0.9139150107197843,
        0.7208641242034864,
        0.8378162304214746,
        0.8517826879067609,
        0.8233437327208964
      ],
      "average_similarity": 0.8085222567421771,
      "valid_count": 14,
      "missing_count": 0
    },
    "commentary": {
      "similarities": [
        0.6733672265598695,
        0.5584042170031324,
        0.5825488846080125,
        0.6988124564437586,
        0.6659133650805548,
        0.37339224998304155,
        0.6824883093622449,
        0.5923595057438603,
        0.6336703225613175,
        0.6697466059880193,
        0.6656736882195121,
        0.6204356990012021,
        0.636168866749577,
        0.6570787276268273
      ],
      "average_similarity": 0.6221471517807807,
      "valid_count": 14,
      "missing_count": 0
    },
    "summary": {
      "similarities": [
        0.7890676335149623,
        NaN,
        NaN,
        NaN,
        NaN,
        NaN,
        NaN,
        NaN,
        NaN,
        NaN,
        NaN,
        NaN,
        NaN,
        NaN
      ],
      "average_similarity": 0.7890676335149623,
      "valid_count": 1,
      "missing_count": 13
    }
  }
}