{
  "model": "qwen3-4b-awq-40k-maui",
  "total_passages": 14,
  "components": {
    "translation": {
      "similarities": [
        0.8560866264468362,
        0.7158023286489398,
        0.7831196631998106,
        0.753729393473144,
        0.6973023701294688,
        0.7040420718822296,
        0.7847341753887394,
        0.8886250228234591,
        0.8156431721809382,
        0.8860364520027868,
        0.7842263206812572,
        0.8498202069357218,
        0.8198346569497815,
        0.8255542280885921
      ],
      "average_similarity": 0.7974683349165504,
      "valid_count": 14,
      "missing_count": 0
    },
    "commentary": {
      "similarities": [
        0.7063739878510475,
        0.6064585592874372,
        0.6285718533494018,
        0.6804493770957157,
        0.6818658307730917,
        0.7059928090596701,
        0.72354264946624,
        0.6451030339933037,
        0.6702004538613032,
        NaN,
        NaN,
        NaN,
        NaN,
        NaN
      ],
      "average_similarity": 0.672062061637468,
      "valid_count": 9,
      "missing_count": 5
    },
    "summary": {
      "similarities": [
        0.6657364195569666,
        NaN,
        NaN,
        NaN,
        NaN,
        NaN,
        NaN,
        NaN,
        NaN,
        NaN,
        NaN,
        NaN,
        NaN,
        NaN
      ],
      "average_similarity": 0.6657364195569666,
      "valid_count": 1,
      "missing_count": 13
    }
  },
  "grouped_commentary_excluded": true
}