{
  "model": "qwen3-30b-a3b-awq-128k-maui",
  "total_passages": 14,
  "components": {
    "translation": {
      "similarities": [
        0.6730153214083374,
        0.9093719388187469,
        0.8755743799576369,
        0.6510167248694726,
        0.8403937654819398,
        0.8850740516148433,
        0.8594202325601115,
        0.9336469187427963,
        0.8410068456561951,
        0.9592670432613944,
        0.8392880702846635,
        0.8312911478042303,
        0.9079578056517186,
        0.9110566924955978
      ],
      "average_similarity": 0.8512414956148345,
      "valid_count": 14,
      "missing_count": 0
    },
    "commentary": {
      "similarities": [
        0.7024186859472124,
        0.6466356872394926,
        0.6323495631709887,
        0.7427183120693888,
        0.7302521022725593,
        0.5014548027246889,
        0.6701885115828314,
        0.6430409587586664,
        0.6838711495560432,
        0.8208598600553332,
        0.8202788432530692,
        0.8202788432530692,
        0.8202788432530692,
        0.8202788432530692
      ],
      "average_similarity": 0.7182075004563916,
      "valid_count": 14,
      "missing_count": 0
    },
    "summary": {
      "similarities": [
        0.7031371417058591,
        NaN,
        NaN,
        NaN,
        NaN,
        NaN,
        NaN,
        NaN,
        NaN,
        NaN,
        NaN,
        NaN,
        NaN,
        NaN
      ],
      "average_similarity": 0.7031371417058591,
      "valid_count": 1,
      "missing_count": 13
    }
  }
}