{
  "model": "qwen3-235b-a22b-think-parser-fireworks",
  "total_passages": 14,
  "components": {
    "translation": {
      "similarities": [
        0.9633241138732658,
        0.9198656512307603,
        0.9600312009367861,
        0.926259027495483,
        0.9436514184614057,
        0.9616565454839132,
        0.9254317410708714,
        0.9535827457231153,
        0.9352728910289873,
        0.9822583973309955,
        0.9426808369692182,
        0.932781140003352,
        0.8960577690216147,
        0.9376769412596275
      ],
      "average_similarity": 0.9414664585635283,
      "valid_count": 14,
      "missing_count": 0
    },
    "commentary": {
      "similarities": [
        0.9348769973476229,
        0.5794397308980723,
        NaN,
        0.7274688200109323,
        0.7100154055522135,
        0.6799016392805082,
        0.7126572564832893,
        0.5390937474913963,
        0.6952576081396403,
        0.7999755256498926,
        0.7995008414606122,
        0.7995008414606122,
        0.7995008414606122,
        0.7995008414606122
      ],
      "average_similarity": 0.7366684689766166,
      "valid_count": 13,
      "missing_count": 1
    },
    "summary": {
      "similarities": [
        0.6194859362145898,
        NaN,
        NaN,
        NaN,
        NaN,
        NaN,
        NaN,
        NaN,
        NaN,
        NaN,
        NaN,
        NaN,
        NaN,
        NaN
      ],
      "average_similarity": 0.6194859362145898,
      "valid_count": 1,
      "missing_count": 13
    }
  }
}