{
  "model": "qwen3-30b-a3b-awq-128k-maui",
  "total_passages": 14,
  "components": {
    "translation": {
      "similarities": [
        0.6730153214083374,
        0.9093719388187469,
        0.8755743799576369,
        0.6510167248694726,
        0.8403937654819398,
        0.8850740516148433,
        0.8594202325601115,
        0.9336469187427963,
        0.8410068456561951,
        0.9592670432613944,
        0.8392880702846635,
        0.8312911478042303,
        0.9079578056517186,
        0.9110566924955978
      ],
      "average_similarity": 0.8512414956148345,
      "valid_count": 14,
      "missing_count": 0
    },
    "commentary": {
      "similarities": [
        0.6874917629030907,
        0.6448841559468733,
        0.6479982708387744,
        0.74174121086975,
        0.7312733861134472,
        0.7234962553561097,
        0.7051201222148336,
        0.5013695370223403,
        0.6637949430878692,
        0.7999755256498926,
        0.7995008414606122,
        0.7995008414606122,
        0.7995008414606122,
        0.7995008414606122
      ],
      "average_similarity": 0.7175106097032449,
      "valid_count": 14,
      "missing_count": 0
    },
    "summary": {
      "similarities": [
        0.7068114540535715,
        NaN,
        NaN,
        NaN,
        NaN,
        NaN,
        NaN,
        NaN,
        NaN,
        NaN,
        NaN,
        NaN,
        NaN,
        NaN
      ],
      "average_similarity": 0.7068114540535715,
      "valid_count": 1,
      "missing_count": 13
    }
  }
}