{
  "model": "qwen3-30b-a3b-awq-128k-maui",
  "total_passages": 14,
  "components": {
    "translation": {
      "similarities": [
        0.8883899756304106,
        0.9072233608320585,
        0.6586189545326532,
        0.7994171211725966,
        0.8180278647773302,
        0.7439791799228684,
        0.8483430628848705,
        0.9124744217356578,
        0.84215781317624,
        0.9535751118009804,
        0.9303659574501857,
        0.8672182563558455,
        0.8642847814298086,
        0.9126089655516284
      ],
      "average_similarity": 0.8533346305180812,
      "valid_count": 14,
      "missing_count": 0
    },
    "commentary": {
      "similarities": [
        0.5962208367391673,
        0.6546877612808902,
        0.6198305653394729,
        0.6845892429109935,
        0.6564608117317221,
        0.36065122686059914,
        0.7233944610464709,
        0.7042734992374294,
        0.5607828761687987,
        0.8208598600553332,
        0.8202788432530692,
        0.8202788432530692,
        0.8202788432530692,
        0.8202788432530692
      ],
      "average_similarity": 0.6902047510273681,
      "valid_count": 14,
      "missing_count": 0
    },
    "summary": {
      "similarities": [
        0.7470432866780234,
        NaN,
        NaN,
        NaN,
        NaN,
        NaN,
        NaN,
        NaN,
        NaN,
        NaN,
        NaN,
        NaN,
        NaN,
        NaN
      ],
      "average_similarity": 0.7470432866780234,
      "valid_count": 1,
      "missing_count": 13
    }
  }
}