model,composite_score,translation_similarity,translation_valid,commentary_similarity,commentary_valid,summary_similarity,summary_valid
qwen3-235b-a22b-think-parser-fireworks,0.8155472626746119,0.9365161699949548,14,0.6885432478093133,14,0.8276174777645231,1
gemma-3-27b-it-qat-mlx-maui,0.8108086073846221,0.9393429153842764,14,0.6855749083372874,14,0.804207389479983,1
llama4-maverick-fireworks,0.7962939915857276,0.9386336341907676,14,0.6815965345034561,14,0.7410096205401898,1
qwen3-30b-a3b-awq-128k-maui,0.7504120647064288,0.8355845876942541,14,0.69086200294331,14,0.6991671422570161,1
qwen3-4b-awq-40k-maui,0.7300812901121756,0.8085222567421771,14,0.6221471517807807,14,0.7890676335149623,1
