model,composite_score,translation_similarity,translation_valid,commentary_similarity,commentary_valid,summary_similarity,summary_valid
qwen3-235b-a22b-think-parser-fireworks (hybrid_complex_analysis_original),0.824359921350371,0.912055526412573,14,0.7473148172972589,9,0.8030589193321908,1
llama4-maverick-fireworks (hybrid_complex_analysis_original),0.8120697889702619,0.9396233972521424,14,0.7140939073861106,14,0.7529143355748034,1
qwen3-32b-fp8-think-parser-deepinfra (hybrid_complex_analysis_original),0.8061185967044616,0.8905360136153816,14,0.7150350959731894,14,0.8194507643451657,1
gemma-3-27b-it-qat-mlx-maui (hybrid_complex_analysis_original),0.7802865976576391,0.9378448271142386,14,0.7050336485503896,14,0.6156760369589388,1
qwen3-30b-a3b-awq-128k-maui (hybrid_complex_analysis_fewshot),0.7688631329379461,0.8512414956148345,14,0.7175106097032449,14,0.7068114540535715,1
qwen3-30b-a3b-awq-128k-maui (hybrid_complex_analysis_original),0.7682934778914301,0.8589493355411717,14,0.6941743620697384,14,0.7352199942353299,1
qwen3-30b-a3b-awq-128k-maui (hybrid_complex_analysis_improved),0.7609120682305468,0.8298184100052277,14,0.6838830170591238,14,0.7771574870240302,1
qwen3-4b-awq-40k-maui (hybrid_complex_analysis_original),0.7366466320588368,0.7974683349165504,14,0.7112800354520582,14,0.6657364195569666,1
