model,composite_score,translation_similarity,translation_valid,commentary_similarity,commentary_valid,summary_similarity,summary_valid
qwen3-30b-a3b-awq-128k-maui,0.7668244099537845,0.8533346305180812,14,0.6902047510273681,14,0.7470432866780234,1
qwen3-4b-awq-40k-maui,0.7300812901121756,0.8085222567421771,14,0.6221471517807807,14,0.7890676335149623,1
