model,composite_score,translation_similarity,translation_valid,commentary_similarity,commentary_valid,summary_similarity,summary_valid
qwen3-235b-a22b-think-parser-fireworks,0.8155472626746119,0.9365161699949548,14,0.6885432478093133,14,0.8276174777645231,1
gemma-3-27b-it-qat-mlx-maui,0.8108086073846221,0.9393429153842764,14,0.6855749083372874,14,0.804207389479983,1
llama4-maverick-fireworks,0.7962939915857276,0.9386336341907676,14,0.6815965345034561,14,0.7410096205401898,1
qwen3-30b-a3b-awq-128k-maui (hybrid_complex_analysis_fewshot),0.7688631329379461,0.8512414956148345,14,0.7175106097032449,14,0.7068114540535715,1
qwen3-30b-a3b-awq-128k-maui (hybrid_complex_analysis_original),0.7682934778914301,0.8589493355411717,14,0.6941743620697384,14,0.7352199942353299,1
qwen3-30b-a3b-awq-128k-maui (hybrid_complex_analysis_improved),0.7609120682305468,0.8298184100052277,14,0.6838830170591238,14,0.7771574870240302,1
qwen3-4b-awq-40k-maui (hybrid_complex_analysis_original),0.7366466320588368,0.7974683349165504,14,0.7112800354520582,14,0.6657364195569666,1
