Model,Average Similarity
o1,0.8830288067789349
gpt-4.5-preview,0.8802504357031958
gpt4o,0.8569481926663798
llama-3.3,0.8186138116808357
gpt-4o-mini,0.8109186780261949
gemini-2.0-flash-thinking,0.8096643522940195
gpt-4o-mini-finetuned,0.7921941008846574
deepseek-r1-distill-llama-70b,0.6957331475405216
